moda,modb
0.666666666667,0.422222222222
0.911111111111,0.755555555556
0.777777777778,0.288888888889
0.222222222222,0.977777777778
0.488888888889,0.533333333333
1.0,0.0222222222222
0.866666666667,0.222222222222
0.133333333333,0.0
0.555555555556,0.311111111111
0.6,0.555555555556
